Project Name,Registration No,Promoter Name,Address,Date
A M PINNACLE,BRERAP00427-9/155/R-1663/2024,R.D.ECO DEVELOPERS PVT. LTD.,,04 Apr 2024
A ONE HERITAGE,BRERAP00923-1/607/R-783/2019,A ONE BUILDERS DEVELOPERS,"NOSHA, PHULWARI SHARIF, Block- Phulwari Sarif Mauja - नोहसा District - PatnaPlot No -437",17 Oct 2019
A.R GREEN CITY,BRERAP14746-5/100/R-1767/2024,PARI CONSTRUCTION AND DEVELOPER,,09 Oct 2024
Aadhvik Ashok Enclave,BRERAP54235-1/17/R-1304/2022,Aadhvik Developers,"Thana No.- 36, Tauzi No.- 5241, Khata No.-24, Survey Plot No.- 916, Mauza- Mustaffapur, Thana- Danapur, Block- Danapur Mauja - मुस्ताफापुर District - PatnaPlot No -Survey Plot No.- 916",15 Mar 2022
AAKARSHAN ENCLAVE,BRERAP14728-1/885/R-659/2019,APNA SAPNA CONSTRUCTION AND DEVELOPER  PVT.LTD,"ASHIYANA-DIGHA ROAD,FRIENDS COLONY MAIN ROAD,NEAR GANPATI MARRIAGE HALL, PATNA 25, Block- Patna Sadar Mauja - सलेमपुर (डुमरा) District - PatnaPlot No -25,50",12 Jun 2019
AARINI LOTUS,BRERAP00671-2/1216/R-1029/2020,AARINI DEVELOPERS PVT LTD,"RAMJAIPAL NAGAR, BEHIND CORPORATION BANK, GOLA ROAD, DANAPUR, PATNA , Block- Danapur Mauja - धनौत District - PatnaPlot No -129, 145    P",03 Jan 2022
AARTI KUNJ,BRERAP92310-1/221/R-1515/2023,NANDISH DEVELOPERS AND CONSTRUCTION PRIVATE LIMITED,"DHANAWANA, NEAR TRIRAJ COLD STORAGE, BODH GAYA, GAYA , Block- Bodh Gaya Mauja - धनावॉं District - GayaPlot No -35,36",12 Jan 2023
ACHE RAJ ENCLAVE,BRERAP000658-1/1157/R-967/2020,LAVIN VASTU DEVELOPERS PVT LTD,"GOLA ROAD,NEAR CHANDRASEKHAR NAGAR,DANAPUR-801503, Block- Danapur Mauja - दियारा दानापुर शहजादपुर District - PatnaPlot No -976",06 May 2020
ADITYA RESIDENCY,BRERAP05647-2/20/R-1542/2023,NIVAS DHAM DEVELOPERS PRIVATE LIMITED,"MITHANPURA LALA, MUZAFFARPUR, Block- Marwan Mauja - मिठनपुरा District - MuzaffarpurPlot No -843,844P,NEW, 780P- OLD",15 Mar 2023
ADYAH ENCLAVE,BRERAP00762-2/1062/R-844/2019,N.R.S DEVELOPERS,"CHITRAWANI CHOWK , KALIBARI ROAD, BHATTA BAZAR, Block- Purnia East Mauja - मधुबनी District - PurneaPlot No -696 K, Kh, G, GH",22 Nov 2019
AL KARIM ENCLAVE,BRERAP00234-8/134/R-1335/2022,NAGAREE BUILDERS&DEVELOPERS PRIVATE LIMITED,"At Sandalpur Plot No 1935  P Society Plot No A/56/57/58/55 Khesra No-730 P Khata No-348 Sultanganj  Patna, Block- Patna Sadar Mauja - संदलपुर District - PatnaPlot No -1935 P",01 Apr 2022
ALPANA BUSINESS PARK,BRERAP185128040525030929E00,Magadh Developers,"Khata No. - 1575,1541,1534, Thana no. - 1, Thana - Digha, Block- Patna Sadar Mauja - दीघा District - PatnaPlot No -Survey plot no. - 4022P, 4023P, 5764P",20 Sep 2025
AMAZE CITY,BRERAP00288-1/326/R-158/2018,SAI SHREE BALAJEE CONSTRUCTIONS & DEVELOPERS PRIVATE LIMITED,"AMAZE CITY, ROAD No. 11&12, MAGADH COLONY, GAYA 823001, Block- Sadar Gaya Mauja - चन्‍दौती District - GayaPlot No -652&689 (NEW)",24 Apr 2023
ANAND VILLA,BRERAP23128-2/1295/R-1129/2021,WHITE TIGER INTERIO AND DEVELOPER PRIVATE LIMITED,"PLOT NO 532 P,THANA 24 DANAPUR KHATA NO-231 MAINPURA DANAPUR PATNA, Block- Danapur Mauja - मैनपुरा District - PatnaPlot No -532 P",11 Feb 2021
ANANTA RESIDENCY,BRERAP00762-1/586/R-363/2019,N.R.S DEVELOPERS,"Navrattan Hata , Purnea, Block- Purnia East Mauja - मधुबनी District - PurneaPlot No -72",24 Jan 2019
ARJUN ENCLAVE,BRERAP192122061025230830E00,SHREE KHATU SHYAM DEVELOPER,"KHATA NO-645, KHESRA NO-59K,KHA,GA,GHA,MAUZA-KHALIFABAGH, BHAGALPUR, Block- Jagdishpur Sadar Mauja - खलीफाबाग(मसाकचक)(वार्ड-7) District - BhagalpurPlot No -59K,59KHA,59GA,59GHA",12 Oct 2025
Aroma Royal,BRERAP72647-1/1312/R-1262/2022,Aroma Developers Pvt.Ltd.,"Aroma Royal , Near Water Pump Station, A.G Colony ,Patna, Block- Patna Sadar Mauja - शेखपुरा District - PatnaPlot No -Part Plot No.59",01 Feb 2022
ARUN VATIKA,BRERAP10203-1/61/R-1258/2022,DYNAMIC DEVELOPERS,"MAUZA-RASTIPUR, P.S-PHULWARI SHARIF, THANA NO-35, PATNA., Block- Phulwari Sarif Mauja - फुलवारी District - PatnaPlot No -836/838",21 Jan 2022
ARUNAM KUTIR,BRERAP000306-3/321/R-934/2020,Kutir Housing Developers & Consultants Pvt. Ltd.,"JUDGES COLONY ROAD, SAGUNA, DANAPUR, Block- Danapur Mauja - सगुना District - PatnaPlot No -530P",29 Apr 2020
Asha Krishna Apartment,BRERAP00325-2/276/R-366/2019,Makan Developers (I) Pvt. Ltd.,"Tauzi 5339, khata 1616, Mauza Digha, Mohalla Ramjichak, Block- Patna Sadar Mauja - दीघा District - PatnaPlot No -11",25 Jan 2019
ASHA MANSION,BRERAP00831-1/598/R-909/2020,MUNDESHWARY BUILDCON AND DEVELOPERS PRIVATE LIMITED,"GOLA ROAD, THANA- DANAPUR, Block- Danapur Mauja - धनौत District - PatnaPlot No -257",19 Feb 2020
ASHA VIHAR PHASE-III,BRERAP00055-3/573/R-453/2019,ASHA REALTY DEVELOPERS PRIVATE LIMITED,"MARIPUR, PS KAZIMOHAMMADPUR, Block- Musahari Mauja - मारीपुर District - MuzaffarpurPlot No -922 GHA(PART)",20 Feb 2019
ASHA VIHAR PHASE-IV,BRERAP00055-6/165/R-1472/2022,ASHA REALTY DEVELOPERS PRIVATE LIMITED,"MARIPUR CHAPRA LODI, PS-KAZI MOHAMMADPUR, MUZAFFARPUR, Block- Musahari Mauja - मारीपुर District - MuzaffarpurPlot No -922 KHA, GA, GHA",10 Oct 2022
ASHIYANA CITY,BRERAP71127-1/767/R-611/2019,GREATER PATNA HOME DEVELOPERS PRIVATE LIMITED,,09 May 2019
ASOPUR AVENUE,BRERAP00128-1/43/R-21/2018,MUNDESHWARI BUILDERS & DEVELOPERS PVT LTD,"VIJAY SINGH YADAV PATH, KHAGUAL, DANAPUR, PATNA, Block- Danapur Mauja - मुस्ताफापुर District - PatnaPlot No -264",18 May 2018
AWADH RESIDENCY,BRERAP82840-2/87/r-1228/2021,AWADH DEVELOPERS,"GANDHI NAGAR, NEAR YAMUNA APARTMENT, BORING ROAD, PATNA , Block- Patna Sadar Mauja - राजापुर District - PatnaPlot No -856",21 Oct 2021
AZIM TOWER,BRERAP00874-1/606/R-493/2019,NANDINI DEVELOPERS PRIVATE LIMITED,"SAGUNA MORE, DANAPUR, Block- Danapur Mauja - सगुना District - PatnaPlot No -17",06 Mar 2019
B L SINGHANIA APARTMENT,BRERAP00055-2/575/R-454/2019,ASHA REALTY DEVELOPERS PRIVATE LIMITED,"AKHARAGHAT ROAD, NAJIRPUR, PS TOWN THANA, Block- Musahari Mauja - नाजीरपुर District - MuzaffarpurPlot No -1008 NEW, 655 OLD",20 Feb 2019
B.S HITECH APARTMENT,BRERAP182628060325290629E00,BIGRAHPURAM DEVELOPERS PVT LTD,"PLOT NO-835, 836 MANOHARPUR KACHUARA, GOPALPUR, PATNA , Block- Sampatchak Mauja - मनोहरपुर कछुआरा District - PatnaPlot No -835,836",28 Mar 2025
BAALAJI NIWAS,BRERAP00174-002/151/R-1621/2023,BHADANI INFRA DEVELOPERS PVT.LTD.,,30 Nov 2023
BABA COMPLEX,BRERAP00427-5/1319/R-1124/2021,R.D.ECO DEVELOPERS PVT. LTD.,"LKHANJHARI,GHURDAUL ROAD NEAR N.H 31, Block- Purnia East Mauja - लखनझड़ी District - PurneaPlot No -771/1204,775/2046",04 Feb 2021
BAL SUMITRA SADAN,BRERAP00445-2/1223/R-1087/2021,BUDHA DEVELOPERS,"BUDHA COLONY, Block- Patna Sadar Mauja - दुजरा District - PatnaPlot No -PLOT NO-1060, KHATA NO-143",06 Jan 2021
BALAJI TOWER,BRERAP00174-1/98/R-183/2018,BHADANI INFRA DEVELOPERS PVT.LTD.,"BALAJI NAGAR CHHOTKI NAWADA GAYA, Block- Sadar Gaya Mauja - कंडी नवादा District - GayaPlot No -525,526,527",24 Sep 2018
BANSH VILLA,BRERAP000466-1/551R-955/2020,Ayushi Developers,"KHERSA NO-1307,1308,1309P.
NEW KHESRA NO-4486,MUZA PAKRI,THANA-ARRAH, Block- Ara Mauja - पकड़ी District - BhojpurPlot No -1307,1308,1309P. NEW KHESRA NO-4486",06 May 2020
BASERA  DREAM DEVELOPERS,BRERAP00461-1/443/R-387/2019,BASERA DREAM DEVELOPERS,"MAUZA- KOLHAURA, Block- Bodh Gaya Mauja - कोल्‍हौड़ा District - GayaPlot No -988, 989",31 Jan 2019
BASUDEO TOWER,BRERAP190528040925180329E00,AWADH DEVELOPERS,"Jakariyapur, Patna, Block- Patna Sadar Mauja - जकरियापुर District - PatnaPlot No -380,399, 400",06 Sep 2025
Bawanagunj Jalalpur City Block A and B,BRERAP95817-1/1190/R-1002/2020,Yamuna Awas Developers I Pvt Ltd,"Mauza- Digha, Thana No.-01, Tauzi No-5339, Khata No-1635,1623,1845, PS- Digha, Block- Patna Sadar Mauja - दीघा District - PatnaPlot No -1119,1126,1127 P",07 Jul 2020
BEUR MANSION,BRERAP00060-3/811/R-704/2019,R.R. BUILDERS AND DEVELOPERS,"THANA NO.-33, S.PLOT NO.- PART PLOT 1997, KHATA NO.- 191, MAUZA- BEUR, THANA - PHULWARISHARIF, Block- Phulwari Sarif Mauja - वेउर District - PatnaPlot No -PART PLOT NO.-1997",07 Aug 2019
BIJAY NANDA ENCLAVE,BRERAP14746-2/825/R-525/2019,PARI CONSTRUCTION AND DEVELOPER,"Mauza-Saidpura, Pargana-Phulwari, P.S.-Khagaul, Survey Thana- Danapur, Patna., Block- Danapur Mauja - सैदपुरा District - PatnaPlot No -365",25 Mar 2019
BISHUNDEO SARSWATI APARTMENT,BRERAP01453-1/226/R-1522/2023,KUMAR CONSTRUCTIONS AND DEVELOPERS,"KHATA NO-67,PLOT NO-413K,KH,MAUZA-KANHAULI,BISHUNDUTT,P.S-MITHANPURA,MUZAFFARPUR, Block- Musahari Mauja - कन्हौली विशुनदत्त District - MuzaffarpurPlot No -413K,KH",21 Feb 2023
BUDHAMANI HARI APARTMENT,BRERAP00348-1/354/R-255/2018,HARI MADHAV DEVELOPERS PVT LTD,,23 Nov 2018
CENTRUM MALL,BRERAP00055-1/20/R-17/2018,ASHA REALTY DEVELOPERS PRIVATE LIMITED,"DEEPAK CINEMA COMPLEX, SAHU ROAD, Block- Musahari Mauja - कसबा District - MuzaffarpurPlot No -80, 80/594,41,71",11 May 2018
CHANDRESHWAR APARTMENT,BRERAP00632-8/70/R-1584/2023,VIKRAMSHILA DEVELOPERS PRIVATE LIMITED,,06 Jul 2023
CHAUDHARY TOWER,BRERAP187728070725020731E00,CLAY DEVELOPER PRIVATE LIMITED,"MAUZA-ADAMPUR, DANAPUR, PATNA , Block- Danapur Mauja - आदमपुर कला District - PatnaPlot No -252,256,257",02 Jul 2025
Chetna Residency,BRERAP000427-4/1188/R-981/2020,R.D.ECO DEVELOPERS PVT. LTD.,"Mainpur Shankar, Danapur, Block- Danapur Mauja - मैनपुरा District - PatnaPlot No -682/683/684/685",08 May 2020
DEBISHREE TOWER,BRERAP191222060925140430E00,MRUG DEVELOPER LLP,"DEBISHREE TOWER BUDHANATH ROAD JOGSAR PO BHAGALPUR BIHAR 812001, Block- Jagdishpur Sadar Mauja - खलीफाबाग(मसाकचक)(वार्ड-7) District - BhagalpurPlot No -406 407",17 Sep 2025
DEO SAVITRI HOUSING SOCIETY,BRERAP00548-2/693/R-586/2019,BUDHA HOMES & DEVELOPERS,"S.PLOT NO-3246,TAUZI-5130,KHATA NO-533,MUZA NO-DIGHA BUJURJ,THANA DIGHA,PATNA, Block- Patna Sadar Mauja - दीघा District - PatnaPlot No -3246",31 Jan 2023
DEV PALACE,BRERAP50620-1/1226/R-1072/2020,BHAGWAT INFRA DEVELOPERS PRIVATE LIMITED,"VIA- MUSTAFAPUR, KHAGAUL, PATNA, BIHAR-801105, Block- Danapur Mauja - आदमपुर कला District - PatnaPlot No -244 P",10 Dec 2020
DEVADHARI PRATAP COMMERCIAL COMPLEX,BRERAP00427-2/605/R-591/2019,R.D.ECO DEVELOPERS PVT. LTD.,"MAUZA - DANAPUR, SHAZADPUR, CHANKYAPURI, GOLA ROAD, PATNA, Block- Danapur Mauja - दियारा दानापुर शहजादपुर District - PatnaPlot No -1410",15 Apr 2019
DEVALAYAM APARTMENT,BRERAP15942-1/922/R-737/2019,SRI HARI DEVELOPERS,"DEVALAYAM, MAKHUDUMPUR, DIGHA , Block- Patna Sadar Mauja - दीघा District - PatnaPlot No -PLOT NO.2517, KHATA NO. 1321",20 Aug 2019
DEVAM COMPLEX,BRERAP00315-3/1197/R-1188/2021,Ghar Aangan Developers Private Limited,"village-Bodhgaya, Tola Bhagwanpur, Opposite -Power Grid, near vastu Vihar phase IV, Bodhgaya,Gaya, Bihar, Block- Bodh Gaya Mauja - बोध गया District - GayaPlot No -246 New, 150 Old",01 Sep 2021
DEVDEEP ENCLAVE,BRERAP01062-2/40/R-1237/2021,DOUBLE A DEVELOPERS PRIVATE LIMITED,"NEAR BEUR DEVI MANDIR,BEUR ANISHABAD, PATNA, Block- Phulwari Sarif Mauja - वेउर District - PatnaPlot No -631P",08 Nov 2021
DIAMOND PLAZA,BRERAP00321-003/57/R-1713/2024,Magadh Developers,,19 Jun 2024
DR MOHIDDIN PLAZZA,BRERAP25433-1/1058/R-1122/2021,SHEELA DEVELOPERS PRIVATE LIMITED,,04 Feb 2021
DWARKAPURI RESIDENCY,BRERAP00735-1/576/R-358/2019,KULA DEVELOPERS PVT LTD,"MUSTAPHAPUR,PLOT NO-866,DANAPUR, Block- Danapur Mauja - मुस्ताफापुर District - PatnaPlot No -866",23 Jan 2019
EMERALD GARDEN,BRERAP14442-1/167/R-1490/2022,Kaustubh Developers and Builders Pvt Ltd,"PLOT NO. 712 AND 1838, GOSAI TOLA, Block- Patna Sadar Mauja - मैनपुरा District - PatnaPlot No -712, 1838",14 Nov 2022
ETERNIA ENCLAVE,BRERAP00136-4/88/R-1199/2021,ADITYA NIWAS DEVELOPERS & COLONIZERS,,09 Sep 2021
Farooqu and Mahmood tower,BRERAP63856-1/1120/R-894/2020,Umar Farooque Construction and Developers Pvt. ltd,"Sarari Gumti, Gorgawan Road, Block- Danapur Mauja - सरारी District - PatnaPlot No -1732,1733,1734,1735,1774",07 Feb 2020
GANESH TOWER,BRERAP85423-1/1065/R-873/2019,SOMANS DEVELOPERS PRIVATE LIMITED,"NEAR AIIMS, MAUZA-SAIDPURA, SURVEY THANA-DANAPUR, PATNA, Block- Patna Sadar Mauja - सैदपुर District - PatnaPlot No -133 P",20 Dec 2019
GANGA KUTIR,BRERAP000306-4/320/R-933/2020,Kutir Housing Developers & Consultants Pvt. Ltd.,"DANAPUR PATNA, Block- Danapur Mauja - दियारा दानापुर शहजादपुर District - PatnaPlot No -1396P",29 Apr 2020
Gauri Dev Residency,BRERAP00136-1/53/R-36/2018,ADITYA NIWAS DEVELOPERS & COLONIZERS,"Saguna Khagaul Road, Near Rps Engineering College,Patna , Block- Danapur Mauja - कोथवॉ District - PatnaPlot No -59",04 Jun 2018
GAYATRI VALLEY-PHASE-1,BRERAP185428060525251031E00,MAA GAYATRI BUILDERS AND DEVELOPERS,"NEAR UDAINI MORE, BHELWADA MITTAN CHAK, CHAINPUR, PATNA , Block- Sampatchak Mauja - भेलवारा District - PatnaPlot No -217",22 May 2025
GEETA ENCLAVE,BRERAP00184-3/85/R-1389/2022,SUPRIYA DEVELOPERS PRIVATE LIMITED,"AMBEDKAR PATH, ANAND VIHAR COLONY, BAILEY ROAD, PATNA , Block- Danapur Mauja - रुकनपुरा District - PatnaPlot No -588P",06 May 2022
GEETA PALACE,BRERAP12502-001/13/R-1679/2024,ACCOCCA DEVELOPERS PRIVATE LIMITED,,24 Apr 2024
GOKUL DHAAM,BRERAP0003128-1/917/R-970/2020,WHITE TIGER INTERIO AND DEVELOPER PRIVATE LIMITED,,08 May 2020
GOKULDHAM,BRERAP00381-1/268/R-761/2019,DOKANIA DEVELOPERS,"KRISHNA NAGAR, BANGAON ROAD, SAHARSA, Block- Kahra Mauja - सहरसा District - SaharasaPlot No -4847",12 Sep 2019
GOKULDHAM,BRERAP33626-2/1115/R-892/2020,LOKANKARA INFRASTRUCTURE DEVELOPERS PRIVATE LIMITED,"MAUZA-KUMHRAR, THANA-AGAMKUAN, PATNA., Block- Patna Sadar Mauja - कुम्‍हरार District - PatnaPlot No -337",03 Feb 2020
GOKULDHAM PHASE 1,BRERAP00246-009/143/R-1627/2023,MAATARA HOMES AND DEVELOPERS PRIVATE LIMITED,,15 Dec 2023
GRAVITY MALL,BRERAP00117-1/156/R-215/2018,GARDENIA NEWTECH DEVELOPERS LLP,"PLOT NO.- 294, PURANI BYPASS ROAD, MAIN ROAD KANKARBAGH, Block- Patna Sadar Mauja - लोहानीपुर District - PatnaPlot No -294(P)",14 Sep 2021
H. B. TOWER,BRERAP25039-1/878/R-1061/2020,MAKAN PLANNERS AND DEVELOPERS PRIVATE LIMITED,"GOBINDPUR MORE, WALMI, AIIMS ROAD, PHULWARI SHARIF, Block- Patna Sadar Mauja - सलेमपुर (डुमरा) District - PatnaPlot No -721",11 Nov 2020
HARDEO KUNJ,BRERAP00460-2/1305/R-1093/2021,MAALAXMI INFRA DEVELOPERS PRIVATE LIMITED,"JALALPUR, PATNA, Block- Danapur Mauja - जलालपुर District - PatnaPlot No -135",07 Jan 2021
HARI RAM HERITAGE,BRERAP04259-1/1297/R-1242/2021,SIDHI DEVELOPERS PRIVATE  LIMITED,"SURVEY PLOT NO-97,WARD N0-2/28,CIRCLE NO-6,HOLDING NO-120C OLD,323/223 SHEET NO-20 AT S P VERMA ROAD PATNA, Block- Patna Sadar Mauja - मोहर्रमपुर District - PatnaPlot No -97",25 Nov 2021
HASHMI RESIDENCY,,HONEST BUILDERS & DEVELOPERS PRIVATE LIMITED,"CHITKOHRA,NEAR EMAARAT AL- AZIZ,P.S-GARDANIBAGH PATNA 800002, Block- Patna Sadar Mauja - चितकोहरा District - PatnaPlot No -145 $ 146 (P)",29 Jan 2019
HAUSLINE CITY,/BRERAP12460-001/153/R-1628/2023,HAUSLINE DEVELOPERS PRIVATE LIMITED,,27 Dec 2023
HEAVEN PALACE,BRERAP74427-4/168/R-1492/2022,GHARANA DEVELOPER,"NABIPUR GAUS, PHULWARISHARIF, Block- Phulwari Sarif Mauja - अब्‍बुपुर लोदीपुर District - PatnaPlot No -1726",22 Nov 2022
HETAL HEIGHTS,BRERAP185328070525191229E00,Shirdi Sai Developers,"ASHOPUR ROAD, MAUZA-BABAKARPUR, DANAPUR, PATNA , Block- Danapur Mauja - ववक्करपुर District - PatnaPlot No -351P",17 May 2025
HIMALYA PARADISE,BRERAP00152-2/407/R-402/2019,HIMALYA REALTY DEVELOPERS PVT LTD,"CHINI MILL AREA, BUXAR, Block- Buxar Mauja - बक्सर किला District - BuxarPlot No -3689,3690",06 Feb 2019
HOME LAND APPARTMENT ONE,BRERAP71035-1/924/R-714/2019,HOME LAND BUILDERS AND DEVELOPERS,"PLOT NO-693,MUZA KHALILPURA PATNA, Block- Danapur Mauja - खलीलपुरा District - PatnaPlot No -693",13 Aug 2019
Icon Tower,BRERAP00532-1/708/R-582/2019,Amar Jyoti Developers Pvt. Ltd.,"Khata-254, PS.: Town, Thana- 470, Mauza-Kasbba, Block- Musahari Mauja - कसबा District - MuzaffarpurPlot No -312, 577, 578",10 Apr 2019
INDRA COMPLEX,BRERAP00722-1/532/R-304/2018,ADITYA NIWAS DEVELOPERS LLP,"DHANAUT, JALALPUR, ABHIMANYU NAGAR, Block- Danapur Mauja - धनौत District - PatnaPlot No -803",17 Dec 2018
INDRALAY,BRERAP00432-3/1007/R-835/2019,ANUPAMA DEVELOPER PRIVATE LIMITED,"RED CROSS ROAD, ADAMPUR , Block- Jagdishpur Sadar Mauja - Adampur Ward - 5 District - BhagalpurPlot No -1124 K, KH, GA, 1129",14 Nov 2019
INDRAM ENCLAVE,BRERAP00184-1/153/R-1276/2022,SUPRIYA DEVELOPERS PRIVATE LIMITED,"INDRAM ENCLAVE, NEAR ABHAY CARBON FACTORY, SHIVPURI, ROAD NO-1, PATNA , Block- Patna Sadar Mauja - ढ़कनपुरा District - PatnaPlot No -06",28 Feb 2022
INDRAWATI APARTMENT,BRERAP193128071125010528E00,ANU DEVELOPERS OPC PVT LTD,"SHABRI NAGAR,RUPASPUR NAHAR PAR,THANA-RUPASPUR,DIST-PATNA, Block- Danapur Mauja - धनौत District - PatnaPlot No -1955",17 Nov 2025
INDU UDAY VATIKA,BRERAP14746-3/1281/R-1080/2020,PARI CONSTRUCTION AND DEVELOPER,"MAUZA-SALEMPUR. PRAGANA-PHULWARI, P.S-KHAGAUL, SURVEY THANA-DANAPUR, DISTRICT-PATNA, Block- Danapur Mauja - सैदपुरा District - PatnaPlot No -622",31 Dec 2020
INFINITY SQUARE,BRERAP187522060725230929E00,SHREE GANESH DEVELOPERS,"DR.RAJENDRA PRASAD ROAD,NEAR KOTWALI CHOWK,BHAGALPUR, Block- Jagdishpur Sadar Mauja - खलीफाबाग(मसाकचक)(वार्ड-7) District - BhagalpurPlot No -630 K , Kha, Ga",01 Jul 2025
IOB SATELLITE CITY,BRERAP00080-1/19/R-150/2018,Eastern Estate Construction & Developers Pvt. ltd.,"Turki Chajan road,thana no.161,kerhani,Muzaffarpur, Block- Kudhani Mauja - छाजन District - MuzaffarpurPlot No -9351 and other submitted in hard copy",24 Mar 2023
J.D TOWER,BRERAP000672-1/512/R-984/2020,KRISHNA DEVELOPERS,"MOHARRAMPUR PATNA, Block- Patna Sadar Mauja - मोहर्रमपुर District - PatnaPlot No -782/783/784",12 Jun 2020
JAGANNATH ENCLAVE,BRERAP11052-1/48/R-1369/2022,BUILDMAX DEVELOPERS PRIVATE LIMITED,"JUDGE S COLONY, RPS MORE, DANAPUR, PATNA , Block- Danapur Mauja - सगुना District - PatnaPlot No -418",08 Apr 2022
JAGAT AADYA APARTMENT,BRERAP00056-2/70/R-55/2018,JAGAT DEVELOPERS LIMITED,"SHEIKHPURA ,NEAR JAI SHRI GAS AGENCY , Block- Patna Sadar Mauja - शेखपुरा District - PatnaPlot No -1412, 1413,1421",19 Jun 2018
JAGDISH NIKETAN,BRERAP00632-1/478/R-273/2018,VIKRAMSHILA DEVELOPERS PRIVATE LIMITED,"Chankya Vihar Colony, Barari, Bhagalpur, Block- Sabour Mauja - बरारी District - BhagalpurPlot No -148",03 Dec 2018
JAGNARAYAN ENCLAVE,BRERAP00551-1/386/R-785/2019,ARUNENDRA DEVELOPERS PRIVATE LIMITED,"JAMSAUT, DANAPUR , Block- Danapur Mauja - जमसौत District - PatnaPlot No -2192",18 Oct 2019
Jainendra Enclave,BRERAP00184-1/75/R-46/2018,SUPRIYA DEVELOPERS PRIVATE LIMITED,"Gola Road, Patna , Block- Danapur Mauja - धनौत District - PatnaPlot No -185",13 Jun 2018
JANAKDHARI SAAKSH ENCLAVE,BRERAP12732-003/59/R-1710/2024,SAAKSH CONSTRUCTION AND DEVELOPERS PRIVATE LIMITED,,14 Jun 2024
JHA DEV SRI TOWERS,BRERAP92746-1/1268/R-1109/2021,JHA REALESTATE DEVELOPERS AND MARKETING PRIVATE LIMITED,"KHANJARPUR ROAD, KHANJARPUR, BHAGALPUR, Block- Goradih Mauja - जगदीशपुर District - BhagalpurPlot No -1322",28 Jan 2021
JITAN ENCLAVE,BRERAP00246-1/137/R-146/2018,MAATARA HOMES AND DEVELOPERS PRIVATE LIMITED,"PANCHSHEEL NAGAR NEAR DEFENCE COLONY KHAGRI ROAD TAKIA PAR DANAPUR PATNA, Block- Danapur Mauja - दियारा दानापुर शहजादपुर District - PatnaPlot No -581",28 Aug 2018
Kabir Nagar,BRERAP84630-1/880/R-1074/2020,Kabir Colonizer and Developers Pvt. Ltd.,,17 Dec 2020
KAMAL BAG,BRERAP00252-1/277/R-245/2018,GOLDFISH DEVELOPERS PRIVATE LIMITED,"MOHALLA -LAL,BHADUR SHASTRI PATH KOTWALI GAYA PLOT NO 364/367,157, Block- Sadar Gaya Mauja - आलमगीरपुर ( सर्वे वार्ड 5, 9,15 व 10 District - GayaPlot No -364/367,157",08 Nov 2018
KAMTA PRASAD RESIDENCY,BRERAP10526-1/1217/R-1075/2020,MADEHOMES DEVELOPERS PRIAVTE LIMITED,"NEAR VASTU VIHAR PHASE 2 DAV CANTT AREA KHARANTI GAYA, Block- Bodh Gaya Mauja - खरॉटी District - GayaPlot No -KHATA NO.2 OLD 152 NEW PLOT NO.634 OLD 1098 NEW",21 Dec 2020
KARTA GRIHAM,BRERAP01030-2/941/R-696/2019,GRIHAM DEVELOPERS PRIVATE LIMITED,"Kothwa Road,Patna , Block- Danapur Mauja - कोथवॉ District - PatnaPlot No -110",15 Jul 2019
KORTHA RESIDENCY,BRERAP00413-2/1201/R-1004,HONEST BUILDERS & DEVELOPERS PRIVATE LIMITED,"CHITKOHRA,PATNA , Block- Patna Sadar Mauja - चितकोहरा District - PatnaPlot No -145 , 146 (P)",07 Jul 2020
KRISHNA ENCLAVE,BRERAP14746-1/826/R-553/2019,PARI CONSTRUCTION AND DEVELOPER,"Mauza-Salempur ChaturaSaidpura, Pargana-Phulwari, P.S.-Danapur, Patna, Block- Danapur Mauja - सैदपुरा District - PatnaPlot No -615",03 Apr 2019
KRITYANAND MAIRICHHAYA COMPLEX,BRERAP34635-1/909/R-631/2019,SWAPN ASHIYANA HOMES DEVELOPERS PVT LTD,,15 Mar 2022
KULA SAPPHIRE,BRERAP187928070725301028E00,KULA DEVELOPERS PVT LTD,"NEAR SURYA MANDIR, ASHOPUR, VIJAY SINGH YADAV PATH, DANAPUR, PATNA , Block- Danapur Mauja - नसीरपुर (बेचिरागी) District - PatnaPlot No -41,42,43,44,45,46P,48P",07 Jul 2025
KUMHRAR GARDEN,BRERAP80044-1/136/R-1284/2022,KUMHRAR DEVELOPERS PVT LTD,"AMBEDKAR NAGAR, ARFABAD, DARGAH ROAD, SULTANGANJ, Block- Patna Sadar Mauja - संदलपुर District - PatnaPlot No -1003, 1004",04 Mar 2022
KUNTI GHAR AANGAN COMPLEX,BRERAP00315-4/233/R-1526/2023,Ghar Aangan Developers Private Limited,"VILLAGE - KATARI, P.S AND ANCHAL - CHANDAUTI, NEAR A.M COLLEGE, KATARI HILL ROAD, GAYA, BIHAR-823001, Block- Sadar Gaya Mauja - कटारी District - GayaPlot No -1001",27 Jan 2023
KUTIR ENCLAVE,BRERAP00306-1/317/R-555/2019,Kutir Housing Developers & Consultants Pvt. Ltd.,"JALALPUR PATNA, Block- Danapur Mauja - जलालपुर District - PatnaPlot No -8/679",04 Apr 2019
Laacasa Petals,BRERAP12787-003/77/R-1708/2024,LAACASA DEVELOPERS PRIVATE LIMITED,,10 Jun 2024
LAVANYA TOWN,BRERAP01847-1/778/R-639/2019,LAVANYA INFRA DEVELOPERS PVT LTD,,21 May 2019
LIMRA COURT,BRERAP03711-1/873/R-778/2019,LIMRA DEVELOPERS,"NOHSHA MAIN ROAD,PHULWARI SHARIF, PATNA , Block- Phulwari Sarif Mauja - नोहसा District - PatnaPlot No -748,748P",23 Sep 2019
MAA GIRINANDINI ENCLAVE,BRERAP012015-1/87/R-1396,NANAK DEVELOPERS,,21 May 2022
MAA MANGALA GAURI APARTMENT,BRERAP185635030525300928E00,ROYAL PREMIUM DEVELOPERS,"ANUGRAHPURI COLONY, RAMPUR, GAYA, BIHAR , Block- Sadar Gaya Mauja - रामपुर District - GayaPlot No -242",27 May 2025
MAA SABUJA RESIDENCY,BRERAP12502-2/193/R-1795/2024,ACCOCCA DEVELOPERS PRIVATE LIMITED,"R.K PURAM, NEW A.G COLONY, KHAGAUL ROAD, PATNA , Block- Danapur Mauja - जमसौत District - PatnaPlot No -2082P",10 Jan 2025
MAA SHITLA APARTMENT,BRERAP00379-3/991/R-1017/2020,ROYAL PREMIUM DEVELOPERS,"MAUZA-RASHIDACHAK, SURVEY PLOT NO-674 KHATA NO-255 THANA NO-16 AT AGAMKUAN, DIST- PATNA, Block- Patna Sadar Mauja - रसीयाचक District - PatnaPlot No -SURVEY PLOT NO-74 KHATA NO-255",18 Aug 2020
MAA TARA CITY A B,BRERAP00244-1/107/R-303/2018,MAA  TARA CONSTRUCTION DEVELOPERS PRIVATE LIMITED,"ABHIMANYU NAGAR RUPAS PUR NAHAR JALAPUR , Block- Danapur Mauja - जलालपुर District - PatnaPlot No -354,355,349/685",17 Dec 2018
MADEHOMES ROYS HEIGHTS,BRERAP192435031025040730E00,MADEHOMES DEVELOPERS PRIAVTE LIMITED,"Opposite Gumti no.1, Station Road, GAYA, BIHAR-823001 , Block- Sadar Gaya Mauja - मुरारपुर ( सर्वे वार्ड 16 व 8 ) District - GayaPlot No -76,77",26 Oct 2025
MADHURI ENCLAVE,BRERAP00445-1/310/R-590/2019,BUDHA DEVELOPERS,"MAUZA-DIGHA,ZONE-3,PARAGANA-PHULWARI DIGH TOWN , Block- Patna Sadar Mauja - दीघा District - PatnaPlot No -672/3823",15 Apr 2019
Majestic Janki City Phase 2,BRERAP00111-1/26/R-09/2018,MAJESTIC CONSTRUCTIONS AND DEVELOPERS PRIVATE LIMITED,"Majestic Janki City,In  Front of Patliputra Railway Station,East Gola Road Patna , Block- Danapur Mauja - दियारा दानापुर शहजादपुर District - PatnaPlot No -893,894,895",18 Apr 2018
MALTI RESIDENCY,BRERAP60303-1/91/R-1745/2024,Grih Lakshmi Developers,"Mauza-KothwanThana-Danapur old Khangaul New Dist-Patna, Block- Danapur Mauja - कोथवॉ District - PatnaPlot No -Khata No-96 Plot No-135 P",20 Aug 2024
MANGAL APARTMENT,BRERAP0055-4/662/R-488/2019,ASHA REALTY DEVELOPERS PRIVATE LIMITED,"SAHU ROAD, PS TOWN THANA, Block- Musahari Mauja - कसबा District - MuzaffarpurPlot No -193",06 Mar 2019
MANGALA GOURI APARTMENTS,BRERAP00221-1/108/R-262/2018,PRAJAPATI REAL ESTATE DEVELOPERS PRIVATE LIMITED,"RANI TALAB, FATEHPUR, P.S- ZEROMILE, Block- Sabour Mauja - फतेहपुर District - BhagalpurPlot No -125",28 Nov 2018
MANI MANDIR GHAR AANGAN,BRERAP00315-5/02/R-1530/2023,Ghar Aangan Developers Private Limited,"MAUJA ALAMGIRPUR, MOHALLA CHANDCHOURA, P.S VISHNUPAD, Block- Sadar Gaya Mauja - आलमगीरपुर ( सर्वे वार्ड 5, 9,15 व 10 District - GayaPlot No -405 KA KH GA NEW, 412 KA KH GA GH NEW, 19367 KA KH, 19366",08 Feb 2023
MANISH RESIDENCY,BRERAP32843-1/01/R-1361/2022,VIRARA DEVELOPERS PRIVATE LIMITED,"AADAMPUR, Block- Danapur Mauja - आदमपुर कला District - PatnaPlot No -460P",07 Apr 2022
MANNAT ENCLAVE,BRERAP10433-2/67/R/1385/2022,MANNAT DEVELOPER AND CONSTRUCTION,"MAUZA-DHANAUT, NEAR SAI CORPORATE PARK, RUKANPURA, KHATA NO- 495, PLOT NO-479, THANA NO-20, PATNA-800014. , Block- Danapur Mauja - धनौत District - PatnaPlot No -479",25 Apr 2022
MAROOF AYAT RESIDENCY,BRERAP53448-1/163/R-1323/2022,AYAT BUILDERS AND DEVELOPERS PRIVATE LIMITED,"PHULWARISHARIF SOUTH OF KHALILPURA ROAD THANA NO 35 TAUZI NO 5262  KHATA NO 1022 PLOT NO 122 P, Block- Phulwari Sarif Mauja - फुलवारी District - PatnaPlot No -122 P",31 Mar 2022
MBS TRIBHUWAN'S GARDEN,BRERAP00257-1/336/R-84/2018,TRIBHUWAN DEVELOPERS & CONSTRUCTION PVT LTD,"BSEB COLONY, NEW PUNAICHAK, MAUZA- SHERRULAHPUR, PATNA, Block- Patna Sadar Mauja - शेरुल्लाहपूर District - PatnaPlot No -99",10 Jul 2018
MEADOW GARDEN,BRERAP000936-2/797/R-977/2020,MAA VINDHYAVASANI DEVELOPERS,"MEADOW GARDEN IS SITUATED AT MAHUABAGH JAGDEOPATH PATNA, Block- Danapur Mauja - धनौत District - PatnaPlot No -1570",08 May 2020
MEENA ENCLAVE,BRERAP00548-1/399/R-309/2018,BUDHA HOMES & DEVELOPERS,"DIGHA PATNA, Block- Patna Sadar Mauja - दीघा District - PatnaPlot No -5324/5326",18 Dec 2018
MEERA KUNJ,BRERAP196222050226060830E00,JAIN CONSTRUCTION AND DEVELOPERS,"MOHALLA - NATHNAGAR FORT, ROAD NO. - 1,, Block- Nathnagar Mauja - वार्ड न.23 District - BhagalpurPlot No -1143",21 Feb 2026
MITHILA TOWER,BRERAP40153-1/49/R-1572/2023,OM SHREE CONSTRUCTION AND DEVELOPER,"MAUZA-MAJHAULI KHETAL, P.S-SADAR, DIST -MUZAFFARPUR, Block- Musahari Mauja - मझौलि खेतल District - MuzaffarpurPlot No -325,326,327",23 May 2023
MITHILANGAN PRIME,BRERAP130939-3/127/R-1784/2024,MITHILANGAN DEVELOPERS PRIVATE LIMITED,"KHATA NO-466,463, PLOT NO-3826, MAUZA- JAGATPUR, P.S- RAHIKA, DIST - MADHUBANI, BIHAR , Block- Rahika Mauja - जगतपुर District - MadhubaniPlot No -3826",06 Dec 2024
MOON HEIGHT,BRERAP00185-1/101/R-82/2018,FLORIAN VALLEY PVT LTD & OM SAI DEVELOPERS PVT LTD,"MAIN GOLA ROAD, OPP.- SBI DANAPUR BRANCH, , Block- Danapur Mauja - धनौत District - PatnaPlot No -153,159, 160, 162",24 Apr 2023
Mouar Enclave,BRERAP00194-1/106/R-130/2018,SAI VIKASH DEVELOPERS,"Kaliket Nagar,Near RPS Law Colage,Patna , Block- Danapur Mauja - सगुना District - PatnaPlot No -518(P),Samiti Plot no-3& 4",09 Aug 2018
MRF GREEN,BRERAP00234-6/423/R-601/2019,NAGAREE BUILDERS&DEVELOPERS PRIVATE LIMITED,"PLOT NO-775,SOCIETY PLOT S1,S2,S3,S4, Block- Phulwari Sarif Mauja - नोहसा District - PatnaPlot No -PLOT NO-775,SOCIETY PLOT S1,S2,S3,S4",22 Apr 2019
MUKESH HERITAGE,BRERAP12806-2/202/R-1783/2024,MAHESHWARI DEVELOPER,"NEAR ARENA MARUTI SHOWROOM, OPPOSITE HDNA AAROGYAM HOSPITAL, IAS COLONY, RUPASPUR, DANAPUR,PATNA , Block- Danapur Mauja - धनौत District - PatnaPlot No -289",03 Dec 2024
MUNDESHWARYS KISHORI COMPLEX,BRERAP00831-2/915/R-847/2019,MUNDESHWARY BUILDCON AND DEVELOPERS PRIVATE LIMITED,"PLOT NO.325,MOHALLA KUSUMPURAM COLONY,RUPASPUR,PATNA, Block- Danapur Mauja - धनौत District - PatnaPlot No -325",22 Nov 2019
NAIVEDYAM,BRERAP00735-2/1081/R-851/2019,KULA DEVELOPERS PVT LTD,"MAUZA- KOTHABAN, PRGANA-PHULWARI SHARIF, SURVEY THANA-DANAPUR, THANA-DANAPUR, DIST- PATNA, Block- Danapur Mauja - कोथवॉ District - PatnaPlot No -KHATA NO-176 PLOT NO-104",26 Nov 2019
NALANDA HERITAGE CITY,BRERAP00104-2/136/R-423/2019,Surya Developer and Planner Pvt ltd,"BIHAR SHARIF RAJGIR ROAD OPP NALANDA THANA, Block- Silao Mauja - मोहनपुर District - NalandaPlot No -359,366,358",14 Feb 2019
NARENDRA KUSUM ENCLAVE,BRERAP85925-1/180/R-1367/2022,ELYSSIAN DEVELOPERS PRIVATE LIMITED,"SURVEY PLOT NO-187,SOCIETY PLOT NO-13, VATIKA VIHAR, BESIDE ANAND VIHAR COLONY, RUPASPUR, PATNA , Block- Danapur Mauja - रुकनपुरा District - PatnaPlot No -187",08 Apr 2022
NIRANJAN SWAMI APARTMENT,BRERAP00556-1/416/R-520/2019,LANDMARK BUILDERS AND DEVELOPERS,"SADIKPUR , Block- Danapur Mauja - सादिकपुर District - PatnaPlot No -218/221",25 Mar 2019
NIRMALA ENCLAVE,BRERAP31013-2/116/R-1436/2022,VINAYAK BUILDERS AND DEVELOPERS PVT.LTD.,,15 Jul 2022
NIRMALA RESIDENCY,BRERAP00762-3/41/R-1343/2022,N.R.S DEVELOPERS,"NAVRATTAN HATA, MAUZA- MADHUBANI, THANA- K.HAT, DIST- PURNEA , Block- Purnia East Mauja - मधुबनी District - PurneaPlot No -322 KA  TO THA",05 Apr 2022
NIRMALA(SHUBHA SHOURYA DEVELOPERS LLP,BRERAP00437-1/558-A/R-655/2019,SHUBH SOURYA DEVELOPERS LLP,"MOHHALA-NEW BALBHADARAPUR (GOVINDPUR) P.S LAHERIASARAI, W.N. 43, DARBHANGA-846001
, Block- Bahadurpur Mauja - बलभद्ररपुर District - DarbhangaPlot No -43",30 May 2019
NRS KUMUD ENCLAVE,BRERAP00143-010/60/R-1701/2024,N.R.S DEVELOPERS,,07 Jun 2024
NRS MISHRI DWARIKA ENCLAVE,BRERAP186109060625100630E00,N.R.S DEVELOPERS,"GULABBAGH, PURNEA , Block- Purnia East Mauja - लखनझड़ी District - PurneaPlot No -765,766",09 Jun 2025
NRS PRAVA GREEN,BRERAP189609060825011129E00,N.R.S DEVELOPERS,"BESIDE LAVANYA TOWER, BHATTA KALIBARI ROAD, MAUZA- MADHUBANI, PURNEA, Block- Purnia East Mauja - मधुबनी District - PurneaPlot No -369, K,KH, GA, GHA,CH, CHH, J",09 Aug 2025
OM BHUNESHWARI,BRERAP30645-1/816/R-730/2019,OM DEVELOPERS,"PLOT NO-857,858,MUSTAFAPUR,KHATA NO-70,72 TAUZI 5241,DANAPUR, Block- Danapur Mauja - मुस्ताफापुर District - PatnaPlot No -857,858",19 Aug 2019
OM PARADISE,BRERAP185814010625280830E00,MAA BHAWANI INFRA AND DEVELOPERS,"KHABRA, MUZAFFRAPUR, Block- Musahari Mauja - खबङा District - MuzaffarpurPlot No -936 P,937 P, 1681 P",26 Jul 2025
PALLADIUM,BRERAP12587-001/62/R-1707/2024,RAM MERTIYA DEVELOPERS PRIVATE LIMITED,,10 Jun 2024
PALM RAMEKA,BRERAP14029-1/1055/R-862/2019,SHAKUNTALA DEVELOPERS PRIVATE LIMITED,"PLOT NO- 58 AND 59, ASHISH SAHKARI GRIH NIRMAN SAMITI, BHAGWAT NAGAR MAIN ROAD, PATNA, Block- Patna Sadar Mauja - कुम्‍हरार District - PatnaPlot No -243/244",13 Dec 2019
PANA KUNJ APARTMENT,BRERAP00460-1/306/R-326/2019,MAALAXMI INFRA DEVELOPERS PRIVATE LIMITED,"DIGHA PHULWARISHARIF, Block- Patna Sadar Mauja - दीघा District - PatnaPlot No -1592",02 Jan 2019
PANCHAM LAL ENCLAVE,BRERAP35557-2/86/R-1172/2021,SUBHGRIH ESTATE DEVELOPERS PRIVATE LIMITED,"SHEIKHPURA, AIRPORT, Block- Patna Sadar Mauja - शेखपुरा District - PatnaPlot No -1739,1744,1738",27 Jul 2021
PARAS NATH COMPLEX,BRERAP00244-2/132/R-411/2019,MAA  TARA CONSTRUCTION DEVELOPERS PRIVATE LIMITED,"ABHIMANYU NAGAR KOTHWAN ROAD RUPAS PUR NAHAR PATNA, Block- Danapur Mauja - जलालपुर District - PatnaPlot No -384",07 Feb 2019
PARWATI KESHAV SADAN,BRERAP00203-2/890/R-925/2020,MAHADEV DEVELOPERS,"PARWATI KESHAV SADAN,jaganpura,behind patna central school, Block- Phulwari Sarif Mauja - जगनपुरा District - PatnaPlot No -926",06 Mar 2020
PIYUSH KUTIR,BRERAP187128070625140330E00,Kutir Housing Developers & Consultants Pvt. Ltd.,"DANAPUR, PATNA , Block- Danapur Mauja - दानापुर District - PatnaPlot No -1559P,1560P,1564P",20 Jun 2025
PLATINUM RANJIT MINAKSHI RESIDENCY,BRERAP00635-1/498/R-190/2018,M S DEVELOPERS,"PILLER NO.-58, RAJA BAZAR, MACHHALI BALI GALI, SHEKHAPURA, Block- Patna Sadar Mauja - सलेमपुर (डुमरा) District - PatnaPlot No -410",20 Jan 2022
PRABHA SINGHESHWAR COMPLEX,BRERAP00432-4/17/R-1214/2021,ANUPAMA DEVELOPER PRIVATE LIMITED,"BUDHANATH ROAD, JOGSAR, Block- Jagdishpur Sadar Mauja - जोगसर(वार्ड न.6) District - BhagalpurPlot No -411 KA, KHA",22 Sep 2021
PREMSHREE,BRERAP00121-1/203/R-768/2019,PREMSHREE DEVELOPERS,"PLOT NO - 489 OLD,743 NEW,KHATA NO 39OLD,101 NEW,TAUZI NO -3160 ,MAUZA - BODHGAYA,DISTRICT- GAYA, Block- Bodh Gaya Mauja - बोध गया District - GayaPlot No -489(OLD), 743(NEW)",13 Sep 2019
PRITHVI COMPLEX,BRERAP00722-2/137/R-1486/2022,ADITYA NIWAS DEVELOPERS LLP,"DEWALYA CHOWK, NEAR R.P.S ENGINEERING COLLEGE, MOURYA PATH, MUSTAFAPUR, DANAPUR, PATNA , Block- Danapur Mauja - कोथवॉ District - PatnaPlot No -352,353, 354",19 May 2023
Pushpak Residency,BRERAP00219-1/100/R-83/2018,Prop. RAVI SHANKAR PRASAD SINGH/ KATYAYANI DEVELOPERS /,"Ramjaypal Nagar, Near Jalalpur City, Danapur, Patna., Block- Danapur Mauja - जलालपुर District - PatnaPlot No -185",10 Jul 2018
PUSHPANJALI MALL,BRERAP00234-5/438/R-728/2019,NAGAREE BUILDERS&DEVELOPERS PRIVATE LIMITED,"PLOT NO.463,466,467,468 RAJAPUR,BORING ROAD, Block- Patna Sadar Mauja - राजापुर District - PatnaPlot No -463,466,467,468",16 Aug 2019
R D Height,BRERAP00427-7/174/R-1338/2022,R.D.ECO DEVELOPERS PVT. LTD.,"Khata No.- 4, 11, 85, 59, 75, 84, Thana No.- 30, Mauza- Jamsaut,Patna, Bihar, Block- Danapur Mauja - जमसौत District - PatnaPlot No -2108,2110,2111,2112,2114,2116,2117,2118,2119,2120,2130,2131,2132 Part",04 Apr 2022
R D SUNSHINE,BRERAP00427-8/150/R-1456/2022,R.D.ECO DEVELOPERS PVT. LTD.,"VIJAY PATH, ADAMPUR, DANAPUR,P.S+P.O- DANAPUR,PATNA, Block- Danapur Mauja - आदमपुर कला District - PatnaPlot No -59",31 Aug 2022
R D SUNSHINE,BRERAP00427-8/150/R-1456/2022,R.D.ECO DEVELOPERS PVT. LTD.,"VIJAY PATH, ADAMPUR, DANAPUR,P.S+P.O- DANAPUR,PATNA, Block- Danapur Mauja - आदमपुर कला District - PatnaPlot No -59",31 Aug 2022
R.B ENCLAVE,BRERAP12611-001/15/R-1669/2024,IMPERIAL BUILDERS AND DEVELOPERS PRIVATE LIMITED,,09 Apr 2024
R.R. ENCLAVE,BRERAP00055-5/63/R-1178/2021,ASHA REALTY DEVELOPERS PRIVATE LIMITED,"DAMUCHAK, RASULPUR ZILANI, MAJHAULIA ROAD, PS-KAZI MOHAMMADPUR, Block- Musahari Mauja - दामुचक District - MuzaffarpurPlot No -339 KA KHA GA GHA, 340",10 Aug 2021
R.R. LAL MANSION,BRERAP00060-4/1259/R-1089/2021,R.R. BUILDERS AND DEVELOPERS,"DIGHA POLSON ROAD, Block- Patna Sadar Mauja - दीघा District - PatnaPlot No -1399",06 Jan 2021
RADHIKA REGENCY,BRERAP00366-1/1095/R-852/2019,UNIQUE HOMES AND LAND DEVELOPERS PRIVATE LIMITED,"NEAR MITHAPUR BUS STAND,MOHALLA-RAMKRISHNA NAGAR,P.O-DHELWAN,P.S-RAMKRISHNA NAGAR, Block- Phulwari Sarif Mauja - जगनपुरा District - PatnaPlot No -294",26 Nov 2019
RADHIKA S DWARIKA APARTMENT,BRERAP12109-1/1044/R-856/2019,SAI TAPISH DEVELOPER,"NEW PATLIPUTRA COLONY,PATNA, Block- Patna Sadar Mauja - मैनपुरा District - PatnaPlot No -943 P",05 Dec 2019
RAGHU NANDAN DHYANMUKHI NIWAS,BRERAP31647-1/182/R-1489/2022,SKY DEVELOPERS,"OPP OF MAKKAH TOWER NEAR BELAL MASJID MAUZA SALEMPUR DUMRA THANA SHASTRI NAGAR SAMANPURA RAJA BAZAR , Block- Patna Sadar Mauja - समनपुरा District - PatnaPlot No -259,260",10 Nov 2022
RAGHU RESIDENCY,BRERAP12782-001/90/R-1718/2024,SAI ENGINEERS AND DEVELOPERS,,26 Oct 2024
RAINBOW RESIDENCY,BRERAP00936-1/609/R-996/2020,MAA VINDHYAVASANI DEVELOPERS,"PLOT NO-200P,212P,KHATA NO-65,TAUZI NO-5661,THANA NO-40,ADAMPUR,DANAPUR, Block- Danapur Mauja - आदमपुर कला District - PatnaPlot No -200P,212P",03 Jul 2020
RAJBARI COMPLEX,BRERAP00665-1/503/R-598/2019,CITY DEVELOPERS,,22 Apr 2019
RAJBARI GRANDE,BRERAP73252-1/186/R-1485/2022,DAFTARI DEVELOPERS PRIVATE LIMITED,"DINAJPUR ROAD, KISHANGANJ, Block- Kishanganj Mauja - Sundrayan (Ward No-23,9,17,18,32,19,20,21,22) District - KishanganjPlot No -362, 361 AND 360P",10 Nov 2022
RAJDHANI PALACE,BRERAP12637-001/34/R-1682/2024,RAJDHANI DEVELOPERS,,24 Apr 2024
RAJROOP MANSION,,MAATARA HOMES AND DEVELOPERS PRIVATE LIMITED,"MAUZA DANAPUR ,THANA DANAPUR THANA NO-21,TAUZI NO-15C KATA N0-776 PATNA BIHAR, Block- Danapur Mauja - दानापुर District - PatnaPlot No -988,989",18 Nov 2024
RAM AVTAR ENCLAVE,BRERAP01062-1/796/R-748/2019,DOUBLE A DEVELOPERS PRIVATE LIMITED,"PLOT NO-1435P SANDALPUR,KATA NO-102,PATNA, Block- Patna Sadar Mauja - संदलपुर District - PatnaPlot No -1435 P",28 Aug 2019
RAM ENCLAVE,BRERAP0005402-1/1096/R-975/2020,ANCHITA DEVELOPERS PRIVATE LIMITED,"SAINIK COLONY, GOLA ROAD, Block- Danapur Mauja - दानापुर District - PatnaPlot No -1163",08 May 2020
Ram Lakhan Plaza,BRERAP63625-1/1016/R-713/2019,Saarthak Hi-Tech Home Developers Pvt. Ltd.,"Khata No- 96,Thana No- 12,Mauza- Kumhrar,Thana- Agankuan, Block- Patna Sadar Mauja - कुम्‍हरार District - PatnaPlot No -420",13 Aug 2019
RAM SHYAM ENCLAVE,BRERAP194928050126250131E00,SHREE DEVELOPERS,"Changar kankarbagh patna , Block- Phulwari Sarif Mauja - चांगर District - PatnaPlot No -179 P",13 Jan 2026
RAM SWAROOP APARTMENT,BRERAP00427-6/1336/R-1141/2021,R.D.ECO DEVELOPERS PVT. LTD.,"BIHIND ST.KARENS SCHOOL,GOLA ROAD,DANAPUR,PATNA, Block- Danapur Mauja - दियारा दानापुर शहजादपुर District - PatnaPlot No -1666",01 Mar 2021
RAM VATIKA,BRERAP00060-1/273/R-214/2018,R.R. BUILDERS AND DEVELOPERS,"MAHUABAGH, BEHIND POTATO RESEARCH CENTRE, NEAR PHULWARI GUMTI, PATNA, Block- Danapur Mauja - धनौत District - PatnaPlot No -2488",25 Oct 2018
RAMA ENCLAVE,BRERAP00764-1/567/R-424/2019,LAND TO HOME INFRADEVELOPERS PRIVATE LIMITED,"MUSTAFA PUR PATNA, Block- Danapur Mauja - मुस्ताफापुर District - PatnaPlot No -74,31,31",14 Feb 2019
Rama Heritage,BRERAP00407-1/322/R-154/2018,KANTYAN DEVELOPERS,"Karodichak, Fulwari Sarif, Patna., Block- Phulwari Sarif Mauja - फुलवारी District - PatnaPlot No -1030",06 Sep 2018
"RAMA HERITAGE, BLOCK B",BRERAP00407-2/184/R-1479/2022,KANTYAN DEVELOPERS,"MOHALLA- KARORICHAK, MAUZA-PHULWARI SHARIF, PATNA , Block- Phulwari Sarif Mauja - फुलवारी District - PatnaPlot No -1030",21 Oct 2022
RAMKRISHNA APARTMENT,BRERAP00087-1/140/R-74/2018,PUSHP BHARTI DEVELOPERS PRIVATE LIMITED,"AT POLSAN ROAD DIGHA, NEAR DIGHA THANA,, Block- Patna Sadar Mauja - दीघा District - PatnaPlot No -1634",06 Jul 2018
RD MANSION,BRERAP00427-1/430/R-162/2018,R.D.ECO DEVELOPERS PVT. LTD.,"MAUZA - MUSTAFAPUR, PS- DANAPUR, PATNA, Block- Danapur Mauja - मुस्ताफापुर District - PatnaPlot No -51, 53 P",10 Sep 2018
"Roof Tech Royal Garden Phase 1(A,B)",BRERAP00105-1/29/R-90/2018,ROOFTECH DEVELOPERS PRIVATE LIMITED,"Janipur Patna, Block- Phulwari Sarif Mauja - जानीपुर District - PatnaPlot No -249,251,577,578",24 Feb 2023
ROY VILLA,BRERAP05702-2/151/R-1293/2022,ANU DEVELOPERS OPC PVT LTD,"DANAPUR SHAHJADPUR SOUTH OF BAZAR SAMITI , Block- Danapur Mauja - दियारा दानापुर शहजादपुर District - PatnaPlot No -926",11 Mar 2022
ROYAL BALDEV APPARTMENT,BRERAP00379-1/421/R-614/2019,ROYAL PREMIUM DEVELOPERS,"PLOT NO-2068,2069,2070, Block- Sadar Gaya Mauja - मुरारपुर ( सर्वे वार्ड 16 व 8 ) District - GayaPlot No -2068,2069,2070",24 Apr 2023
ROYAL BALDEV APPARTMENT,BRERAP00379-1/421/R-614/2019,ROYAL PREMIUM DEVELOPERS,"PLOT NO-2068,2069,2070, Block- Sadar Gaya Mauja - मुरारपुर ( सर्वे वार्ड 16 व 8 ) District - GayaPlot No -2068,2069,2070",24 Apr 2023
ROYAL DEFENCE SOCIETY,BRERAP22534-2//48R-1221/2021,MAGDHA DEVELOPER AND CONSTRUCTION PRIVATE LIMITED,"NEAR AT GATE GAYA SEHERGHATI ROAD, Block- Sadar Gaya Mauja - कलेर District - GayaPlot No -928,927,931,933",08 Nov 2021
ROYAL DIVYA DHAM,BRERAP00379-7/61/R-1404/2022,ROYAL PREMIUM DEVELOPERS,"Hario PS Magadh Medical College, Block- Sadar Gaya Mauja - हरियो District - GayaPlot No -199,299",01 Jun 2022
ROYAL GAYATRI ARCADE,BRERAP00379-031/37/R-1684/2024,ROYAL PREMIUM DEVELOPERS,,02 May 2024
ROYAL NIRMALA APARTMENT,BRERAP00379-2/982/R-767/2019,ROYAL PREMIUM DEVELOPERS,"ROYAL NIRMALA APARTMENT, MOUZA-HARDASPUR, P.S-DANAPUR, THANA NO-38 DANAPUR, PATNA, Block- Danapur Mauja - कोथवॉ District - PatnaPlot No -672 And 673",13 Sep 2019
ROYAL ONKAR APARTMENT,BRERAP184928040525310330E00,ROYAL PREMIUM DEVELOPERS,"KANKARBAGH MAIN ROAD,NEAR KANTI FACTORY ROAD, PATRAKAR NAGAR, PATNA , Block- Patna Sadar Mauja - सादिकपुर योगी District - PatnaPlot No -385",10 May 2025
ROYAL SIDDHARTHA ENCLAVE,BRERAP00379-017/105/R-1642/2024,ROYAL PREMIUM DEVELOPERS,,01 Feb 2024
RUDRA KIRAN,BRERAP194425040126181026E00,DHRISTI KIRAN BUILDERS AND DEVELOPERS OPC PRIVATE LIMITED,"MAUZA- CHAUKI, PLOT NO.- 1332, KHATA NO.- 169, THANA NO.- 141, THANA- LAKHISARAI, DISTRICT- LAKHISARAI, BIHAR., Block- Lakhisarai Mauja - चौकी District - LakhisaraiPlot No -1332",01 Jan 2026
S R GRIHAM,BRERAP01030-022/166/R-1685/2024,GRIHAM DEVELOPERS PRIVATE LIMITED,,02 May 2024
S.N ENCLAVE,BRERAP01121-2/82/R-1393/2022,SANHIT INFRA DEVELOPERS PRIVATE LIMITED,"LAKHANI BIGHA , DANAPUR, PATNA , Block- Danapur Mauja - लखनी बिगहा District - PatnaPlot No -1101P",17 May 2022
S.P.GRIHAM,BRERAP01030-1/695/R-623/2019,GRIHAM DEVELOPERS PRIVATE LIMITED,"Ashiana Ramnagri Road,Bailey Road Patna., Block- Patna Sadar Mauja - खाजपुरा District - PatnaPlot No -266(p), 273(p),275(p)",15 May 2019
S.R.CHETNA KUTIR,BRERAP00427-3/798/R-881/2020,R.D.ECO DEVELOPERS PVT. LTD.,"GOLA ROAD, PS-DANAPUR, DANAPUR, Block- Danapur Mauja - दानापुर District - PatnaPlot No -1410",17 Jan 2020
S.SQUARE,BRERAP12776-001/76/R-1715/2024,TIRUPATI SS DEVELOPERS LLP,,19 Oct 2024
SAFA ENCLAVE,BRERAP00234-7/419/R-604/2019,NAGAREE BUILDERS&DEVELOPERS PRIVATE LIMITED,"MAINPURA,PATLIPUTRA,PLOT
1005,1006, Block- Patna Sadar Mauja - मैनपुरा District - PatnaPlot No -1005,1006",07 May 2019
SAH COMPLEX,BRERAP75804-2/974/R-1005/2020,S R DEVELOPERS,,07 Jul 2020
SAI APARTMENT,BRERAP000452-1/392/R-961/2020,PIHU BUILDER AND DEVELOPER PRIVATE LIMITED,"Its Situated at South Ekauna, Udwant Nagar, Ara., Block- Udwantnagar Mauja - उदवंतनगर District - BhojpurPlot No -355",06 May 2020
Sai Arcade,BRERAP00379-4/995/R-764/2019,ROYAL PREMIUM DEVELOPERS,"Ward No-02 Survey Plot No-383,386,363 Thana No-137, Touzi No-205, Mauza-Moharrampur, Mohall-Salimpur Ahara, M.S Plot No-960,963,964 P.S-Gandi Maidan Dist- Patna, Block- Patna Sadar Mauja - मोहर्रमपुर District - PatnaPlot No -Survey Plot No-383,386,363 Plot No-960,963,964,965",12 Sep 2019
Sai Arcade,BRERAP00379-4/995/R-764/2019,ROYAL PREMIUM DEVELOPERS,"Ward No-02 Survey Plot No-383,386,363 Thana No-137, Touzi No-205, Mauza-Moharrampur, Mohall-Salimpur Ahara, M.S Plot No-960,963,964 P.S-Gandi Maidan Dist- Patna, Block- Patna Sadar Mauja - मोहर्रमपुर District - PatnaPlot No -Survey Plot No-383,386,363 Plot No-960,963,964,965",12 Sep 2019
Sai Dinanath Kunj,BRERAP00349-1/474/R-274/2018,Shirdi Sai Developers,,03 Dec 2018
SAI GIRIJA VISHWANATH PARISAR,BRERAP73135/63/R-1667/2024,SAI MEGA REAL DEVELOPERS PRIVATE LIMITED,,04 Apr 2024
SAI HERITAGE PHASE 2,BRERAP00234-1/173/R-676/2019,NAGAREE BUILDERS&DEVELOPERS PRIVATE LIMITED,"KARORI CHWAK,PHULWARI SHARIF,PARGANA THANA, Block- Patna Sadar Mauja - मोहर्रमपुर District - PatnaPlot No -956,975,977,978",21 Jun 2019
SAI HERITAGE PHASE 3,BRERAP00234-9/160/R-1363/2022,NAGAREE BUILDERS&DEVELOPERS PRIVATE LIMITED,"MAUZA PHULWARI PLOT NO-955,956,685 PHULWARISHARIF PATNA, Block- Phulwari Sarif Mauja - फुलवारी District - PatnaPlot No -955 956 685",07 Apr 2022
SAI IMPERIAL,BRERAP00565-1/447/R-290/2018,SAI DEVELOPERS,"HARDASPUR,PHULWARISHARIF,THANA RUPASPURA, Block- Danapur Mauja - हदसपुरा District - PatnaPlot No -493,492,551",11 Dec 2018
SAI INDRALYA ENCLAVE,BRERAP00194-2/124/R-264/2018,SAI VIKASH DEVELOPERS,"Malahi Pakri, Kankarbagh Patna , Block- Phulwari Sarif Mauja - पकडी District - PatnaPlot No -121P",28 Nov 2018
SAI SIGNATURE SQUARE,BRERAP00194-3/559/R-320/2018,SAI VIKASH DEVELOPERS,"Mustafapur, New RPS LAW College. Patna., Block- Danapur Mauja - मुस्ताफापुर District - PatnaPlot No -815, 828",28 Dec 2018
SAKET APARTMENT,BRERAP184428070425180728E00,LANDMARK BUILDERS AND DEVELOPERS,"MAUZA-RUKANPURA, PLOT NO-240, KHATA NO- 185, THANA NO- 18, DISTRICT- PATNA, Block- Danapur Mauja - रुकनपुरा District - PatnaPlot No -240",30 Apr 2025
SAMANPURA RESIDENTIAL,BRERAP00234-2/172/R-315/2018,NAGAREE BUILDERS&DEVELOPERS PRIVATE LIMITED,"SAMANPURA,SHASRTI NAGAR,PATNA, Block- Patna Sadar Mauja - सलेमपुर (डुमरा) District - PatnaPlot No -PLOT NO 687",28 Dec 2018
SAMPATI RESIDENCY,BRERAP12807-1/1177/R-896/2020,NIRUPADHI INFRASTRUCTURE DEVELOPERS PVT LTD,"A.G.COLONY, PS.- SHASTRI NAGAR, Block- Patna Sadar Mauja - सलेमपुर (डुमरा) District - PatnaPlot No -104P/105P",10 Feb 2020
SANCHAR NAGAR,BRERAP00060-2/274/R-464/2019,R.R. BUILDERS AND DEVELOPERS,"ADAMPUR, LAKHNIBIGHA, DANAPUR KHAGAUL ROAD, PATNA, Block- Danapur Mauja - आदमपुर कला District - PatnaPlot No -1364,1370,1378,1377,460,1380,1381,1387,1388,1385,1382,1383,1365,1366,1367,1363,1371,1384,1379,1375,1373,1389,1361,1358,461",27 Feb 2019
SANT VIHAR,BRERAP62114-1/1240/R-1031/2020,OM SAI DEVELOPERS AND PROMOTERS,"SANT NAGAR, BARARI, Block- Sabour Mauja - बरारी District - BhagalpurPlot No -194, 189 - K, KH, 198 - K, KH, G, GH & 194, 189 OR 202 AND 188 - K, KH,G,GH (PART)",26 Aug 2020
Sashi Prabha Residency and Sumitra Residency,BRERAP30130-1/03/R-1552/2023,"Dream Developers, Proprietor- Chandan Kumar","Mohalla- Mehdichak Morrisonganj, At- Mahatama Gandhi Path, Thana- Kotwali, Anchal- Jagdishpur, In Ward No.- 23, Holding No.- 153 and 123, Khata No.- 540, 879, Khesra No.- 1435, KA, KH and 1437, KA, KH, GA, GH,  CH, Bhagalpur, Bihar, Block- Jagdishpur Sadar Mauja - Adampur Ward - 5 District - BhagalpurPlot No -1435 KA, KH and 1437 KA, KH, GA, GH, CH",12 Apr 2023
SATYA SURESH ENCLAVE,BRERAP000136-2/1113R-957/2020,ADITYA NIWAS DEVELOPERS & COLONIZERS,"NEAR MANSAROVAR APARTMENT,NEAR MAHUABAGH, DHANAUT, BAILEY ROAD,DANAPUR, PATNA , Block- Danapur Mauja - धनौत District - PatnaPlot No -2462 P",06 May 2020
SATYAM SHIVAM SUNDARAM,BRERAP22314-1/84/R-1196/2021,BHARTI MERTIYA INFRA DEVELOPERS,"MAUZA MAINPURA,MOHALLA PATEL NAGAR,P.S PATLIPUTRA,PATNA, Block- Patna Sadar Mauja - मैनपुरा District - PatnaPlot No -1218",08 Sep 2021
SAUR VATIKA,BRERAP00321-1/215/R-347/2019,Magadh Developers,"BAJIRPUR BAIGNABAD, GAURA GARH, KALYANPUR, BIHARSHARIF, Block- Biharshrif Mauja - कल्याणपुर District - NalandaPlot No -126/125/127/111/124/115/123",18 Jan 2019
SBP GRIHAM,BRERAP01030-3/95/R-1206/2021,GRIHAM DEVELOPERS PRIVATE LIMITED,"NORTH SK PURI, Block- Danapur Mauja - दियारा दानापुर शहजादपुर District - PatnaPlot No -924,925",13 Sep 2021
SD MAHENDRA GALAXY,BRERAP00565-2/1031/R-845/2019,SAI DEVELOPERS,"Aasopur, Danapur, Near R.K.PURAM, Block- Danapur Mauja - जमसौत District - PatnaPlot No -2364,2366",22 Nov 2019
SHAKUNTALA ENCLAVE,BRERAP00432-1/366-A/R-561/2019,ANUPAMA DEVELOPER PRIVATE LIMITED,"NH-80, Rani Talab,Near BCE, Sabour, Block- Sabour Mauja - फतेहपुर District - BhagalpurPlot No -789,790",04 Apr 2019
Shambhu Heights,BRERAP00610-1/507/R-253/2018,Shriyansh Developers Pvt. Ltd.,"Mauza Jalalpur, In front of Sir Ganesh Dutt College, Block- Danapur Mauja - जलालपुर District - PatnaPlot No -34",23 Nov 2018
SHANTI  APARTMENT,BRERAP01030-4/159/R-1352/2022,GRIHAM DEVELOPERS PRIVATE LIMITED,"DEV NAGAR,RAM KRISHNA NAGAR, Block- Patna Sadar Mauja - शेखपुरा District - PatnaPlot No -402",21 Apr 2023
SHANTI COMPLEX,BRERAP00203-4/55/R-1350/2022,MAHADEV DEVELOPERS,"BESIDE BIRLA OPEN MINDS IN MAUJA SHEIKHPURA, Block- Sampatchak Mauja - शेखपुरा District - PatnaPlot No -793, 787 PART",19 May 2023
SHARDA COMPLEX,BRERAP35321-2/07/R-1547/2023,SSI DEVELOPERS,"RAM JAIPAL NAGAR PARGANA PHULWARI PS RUPASPUR , Block- Danapur Mauja - धनौत District - PatnaPlot No -373",21 Apr 2023
SHASHANK BHAVA TOWER,BRERAP183235030425220529E00,BHAVA DREAMCITY DEVELOPERS PRIVATE LIMITED,"ANUGRAHPURI COLONY WEST, MAUZA-RAMPUR, GAYA, BIHAR , Block- Sadar Gaya Mauja - रामपुर District - GayaPlot No -307",18 Apr 2025
SHIBLI ENCLAVE,BRERAP40848-1/1082/R-927/2020,AZAM CONSTRUCTION AND DEVELOPERS PRIVATE LIMITED,"NOHSA, PO+PS- PHULWARI SHARIF, Block- Phulwari Sarif Mauja - नोहसा District - PatnaPlot No -436",16 Mar 2020
SHIV COMPLEX,BRERAP03944-2/1085/R-885/2020,HAMZ HOMES CONSTRUCTIONS DEVELOPER,"MAUZA- RANIPUR, Block- Danapur Mauja - ववक्करपुर District - PatnaPlot No -1114",21 Jan 2020
SHIV GOVIND PH-1,BRERAP00328-2/765/R-671/2019,SWARAJ VASTU DEVELOPERS PVT LTD,"MOH- SATICHAURA, NEAR REGISTRY OFFICE MAIN ROAD DANAPUR-800012, Block- Danapur Mauja - दियारा दानापुर शहजादपुर District - PatnaPlot No -591",19 Jun 2019
Shiv Shakti Apartment,BRERAP45228-1/978/R-755/2019,Shivkriti Real Estate And Developers Pvt. Ltd,"Mohalla- New Area, Chitaur Nagar, Post-Aurangabad, P.s- Aurangabad, Dist-Aurangabad, Block- Aurangabad Mauja - शाहपुर District - AurangabadPlot No -39,40",12 Sep 2019
SHIV-GOVINDPH1,BRERAP00328-1/210/R-325/2019,SWARAJ VASTU DEVELOPERS PVT LTD,"M.O-SATICHAURA,TAKIYAPAR,NEAR REGISTRY OFFICE MAIN ROAD DANAPUR-800012, Block- Danapur Mauja - दानापुर District - PatnaPlot No -591",02 Jan 2019
SHIVAM,BRERAP00665-2/504/R-596/2019,CITY DEVELOPERS,,22 Apr 2019
Shree Ganesh Astha Enclave,BRERAP15647-4/142/R-1757/2024,ORB DEVELOPER PRIVATE LIMITED,"Mohala -Indrapuri,Patna ,Bihar., Block- Patna Sadar Mauja - अङरा District - PatnaPlot No -501/1193,1194",23 Aug 2024
SHREE GANESH ENCLAVE,BRERAP00432-5/115/R-1431/2022,ANUPAMA DEVELOPER PRIVATE LIMITED,"OFF CENTRAL JAIL ROAD, SITLA ASTHAN ROAD, TILKAMANJHI , Block- Jagdishpur Sadar Mauja - तिलकामांझी(वार्ड न.9) जवारीपुर District - BhagalpurPlot No -805 KA, KHA",13 Jul 2022
SHREE GANESH LALITA ENCLAVE,BRERAP15647-1/1012/R-777/2019,ORB DEVELOPER PRIVATE LIMITED,"BISCUIT FACTORY ROAD, DANAPUR, PATNA , Block- Danapur Mauja - सिकन्दरपुर District - PatnaPlot No -161 P",23 Sep 2019
SHREE GANESH LATA TOWER,BRERAP15647-2/159/R-1462/2022,ORB DEVELOPER PRIVATE LIMITED,"PATEL NAGAR, PLOT NO-1318, 1317, KHATA NO-417,409, PATNA , Block- Patna Sadar Mauja - मैनपुरा District - PatnaPlot No -1318, 1317",08 Sep 2022
SHRISHTY GOLD AVENUE,BRERAP95456-1/103/R-1415/2022,SHRISHTY CITY DEVELOPERS PRIVATE LIMITED,"OPPOSITE CERAMIC JUNCTION, 70 FEET BPCL ROAD, DASRATHA, PATNA 800002, Block- Phulwari Sarif Mauja - पकडी District - PatnaPlot No -322P",21 Jun 2022
SHUBH S SHIV VATIKA,BRERAP00431-5/1210/R-1104/2021,SAI SHRINKHALA DEVELOPERS PRIVATE LIMITED,,17 Feb 2022
SHUBHS PRABHU COMPLEX,BRERAP00431-2/831/R-644/2019,SAI SHRINKHALA DEVELOPERS PRIVATE LIMITED,,28 May 2019
SHYAMSHREE APARTMENT,BRERAP65157-1/1183/R-1208/2021,SHIVA DEVELOPERS,,13 Sep 2021
SIDDHESHWAR GHAR AANGAN COMPLEX BLOCK A & B,BRERAP00315-1/225/R-422/2019,Ghar Aangan Developers Private Limited,"OPPOSITE KARLO AUTOMOBILES, VIDYA VIHAR IAS COLONY, P.S- BODHGAYA, ANCHAL- BODHGAYA, GAYA, BIHAR-824231, Block- Bodh Gaya Mauja - बोध गया District - GayaPlot No -41 NEW",13 Feb 2019
SIDDHESHWAR GHAR AANGAN COMPLEX BLOCK A & B,BRERAP00315-2/226/R-478/2019,Ghar Aangan Developers Private Limited,"VIDYA VIHAR IAS COLONY. OPPOSITE KARLO AUTOMOBILES, BODHGAYA, GAYA, BIHAR, Block- Bodh Gaya Mauja - बोध गया District - GayaPlot No -965 NEW",01 Mar 2019
SIGNATURE HEIGHTS,BRERAP12537-002/09/R-1753/2024,RAJBIR DEVELOPERS LLP,,23 Aug 2024
Simsun Enclave,BRERAP92746-002/139/R-1635/2024,JHA REALESTATE DEVELOPERS AND MARKETING PRIVATE LIMITED,,18 Jan 2024
SIPAHI BHAGAT GALAXY,BRERAP000563-1/436/R-949/2020,RAHUL ROY DEVELOPERS PRIVATE LIMITED,"JALALPUR DANAPUR, , Block- Danapur Mauja - जलालपुर District - PatnaPlot No -78/80/81",05 May 2020
SKILL TOWER,BRERAP00551-3/533/R-699/2019,ARUNENDRA DEVELOPERS PRIVATE LIMITED,"DANAPUR SHAHJADPUR, Block- Danapur Mauja - दियारा दानापुर शहजादपुर District - PatnaPlot No -1674/1663P",13 Feb 2023
"SKK VALENCIA, ALIAS EXPRESSION VALENCIA",BRERAP95037-1/44/R-1376/2022,Shanti Krishna Kanhaiya Construction and Developers Pvt.Ltd,"MAUZA-LAKHNI BIGHA THANA NO-41 DANAPUR, PARGANA PHULWARI SARIF, Block- Danapur Mauja - लखनी बिगहा District - PatnaPlot No -PLOT NO-1134,1135,1136,1142,1143,1144,1147,1154",13 Apr 2022
SRI RAM VILLA,BRERAP34017-4/194/R-1495/2022,PRANGAN DEVELOPERS PRIVATE LIMITED,"KHARANTI NEAR DAV CANT, Block- Bodh Gaya Mauja - खरांटी District - GayaPlot No -1239",01 Dec 2022
SRI SAI RESIDENCY,BRERAP93448-1/154/R-1461/2022,SRI SAI DEVELOPER,"NEAR GANGA CITY, RAMJAYPAL NAGAR, DANAPUR, PATNA , Block- Danapur Mauja - जलालपुर District - PatnaPlot No -258P",08 Sep 2022
SUDEVI KUTIR,BRERAP00306-5/142/R-1273/2022,Kutir Housing Developers & Consultants Pvt. Ltd.,"MAHAVIR NAGAR, BEUR, Block- Patna Sadar Mauja - चितकोहरा District - PatnaPlot No -587, 588P",23 Feb 2022
SUJATA KUTIR,BRERAP00306-2/304/R-915/2020,Kutir Housing Developers & Consultants Pvt. Ltd.,"GOLA ROAD DANAPUR, Block- Danapur Mauja - दियारा दानापुर शहजादपुर District - PatnaPlot No -1165",03 Mar 2020
SUNRISE ASHOKA COMPLEX,BRERAP00029-9/155/R-1457/2022,Sunrise Sai Developers Pvt. Ltd.,"PILLOR NO.-185, DIGHA AIIMS ROAD,DANAPUR,PATNA, Block- Danapur Mauja - रुकनपुरा District - PatnaPlot No -48",31 Aug 2022
SUNRISE EXOTICA RESIDENCY,BRERAP72047-1/1300/R-1244/2021,SUNRISE EXOTICA DEVELOPERS PVT. LTD.,"KUSHUMPURAM COLONY NEAR RAMDULARI APARTMENT GOLA ROAD DANAPUR PATNA, Block- Danapur Mauja - दियारा दानापुर शहजादपुर District - PatnaPlot No -1696, 1697, 1695, 1698",01 Dec 2021
SUNRISE PREMISES,BRERAP00632-4/115/R-1286/2022,VIKRAMSHILA DEVELOPERS PRIVATE LIMITED,"CHANDI PRASAD LANE, NEAR SIKSHAK SANGH, JOGSAR, BHAGALPUR., Block- Jagdishpur Sadar Mauja - खलीफाबाग(मसाकचक)(वार्ड-7) District - BhagalpurPlot No -437",04 Mar 2022
SUNRISE RASHMI HEIGHTS,BRERAP00029-7/116/R-1247/2021,Sunrise Sai Developers Pvt. Ltd.,"VIJAY SINGH YADAV PATH,DANAPUR KHAGAUL ROAD,PATNA, Block- Danapur Mauja - आदमपुर कला District - PatnaPlot No -269,270,271,272,273 and 285.",23 Dec 2021
SUNRISE RESIDENCY,BRERAP00029-5/1146/R-890/2020,Sunrise Sai Developers Pvt. Ltd.,"KUSUMPURAM COLONY GOLA ROAD NEAR PATLIPUTRA RAILWAY STATION DANAPUR PATNA, Block- Danapur Mauja - धनौत District - PatnaPlot No -58",31 Jan 2020
SUNRISE RUPASPUR CITY,BRERAP00029-6/26/R-1138/2021,Sunrise Sai Developers Pvt. Ltd.,"SAUBHAGYA SHARMA PATH RUPASPUR PATNA, Block- Danapur Mauja - धनौत District - PatnaPlot No -570,956,964,965,966,967,968,969,970,971",22 Feb 2021
SUNRISE SAI ENCLAVE,BRERAP00029-8/104/R-1417/2022,Sunrise Sai Developers Pvt. Ltd.,"NEAR HOLLY MISSION SCHOOL,VIAY SINGH YADAV PATH,DANAPUR KHAGAUL ROAD, DANAPUR,PATNA, Block- Danapur Mauja - आदमपुर कला District - PatnaPlot No -57 P",21 Jun 2022
SUNRISE SAI OZONE PLAZA,BRERAP00029-2/147/R-39/2018,Sunrise Sai Developers Pvt. Ltd.,"NEAR DOON PUBLIC SCHOOL,RPS MORE, BAILEY ROAD, PATNA., Block- Danapur Mauja - सगुना District - PatnaPlot No -391(P), 392(P), 393(P) & 398(P)",04 Jun 2018
SUNRISE SAI PLAZA,BRERAP00029-1/93/R-19/2018,Sunrise Sai Developers Pvt. Ltd.,"KUSHUMPURAM COLONY, GOLA ROAD, NEAR PATLIPUTRA RAILWAY STATION, Block- Danapur Mauja - धनौत District - PatnaPlot No -47 & 54(P)",11 May 2018
SUNRISE SAI TOWER,BRERAP00029-3/151/R-108/2018,Sunrise Sai Developers Pvt. Ltd.,"NEAR CAPITAL GREEN APPARTMENT, R.K. PURAM, DANAPUR KHAGAUL ROAD,PATNA, Block- Danapur Mauja - जमसौत District - PatnaPlot No -2168",25 Jul 2018
SUNRISE SUNHARI PALACE,BRERAP00029-4/187/R-52/2018,Sunrise Sai Developers Pvt. Ltd.,"KALIKET NAGAR,NEAR VATIKA PRIMER,BAILEY ROAD, Block- Danapur Mauja - जलालपुर District - PatnaPlot No -106&107(P)",19 Jun 2018
Surya Shyam Vihar Block B,BRERAP00104-1/33/R-34/2018,Surya Developer and Planner Pvt ltd,"Near R.P.S Engineering College, Block- Danapur Mauja - मुस्ताफापुर District - PatnaPlot No -875P,Khata No 68",04 Jun 2018
Sushma Enclave,BRERAP83108-1/1003/R-754/2019,Transform Developers,"Khata No-130,Survey No-44,Thana No-115,Mauza Sahpur,Thana Gopalpur, Block- Danapur Mauja - शाहपुर District - PatnaPlot No -44",11 Nov 2019
SWARAJ-KAMTA ENCLAVE,BRERAP00328-3/918/R-686/2019,SWARAJ VASTU DEVELOPERS PVT LTD,"BEHIND CHITWAN ERNTERPRISES,OPP-FORD CAR SHOW ROOM,SAGUNA,DANAPUR,PATNA, Block- Danapur Mauja - सगुना District - PatnaPlot No -509",10 Jul 2019
TAHERA COMPLEX,BRERAP01040-1/705/R-1256/2022,AZAD DEVELOPERS,"BHAGWAN MAHAVIR PATH, TATARPUR, Block- Jagdishpur Sadar Mauja - वार्ड न. 16 District - BhagalpurPlot No -703",21 Jan 2022
TECHNO CITY,BRERAP00080-2/647/R-589/2019,Eastern Estate Construction & Developers Pvt. ltd.,"LAI ROAD,NEAR IIT BIHTA, THANA NO. 17 & 19, Block- Bihta Mauja - मीठापुर District - PatnaPlot No -1, 15, 16, 17, 1764, 1765, 1766, 1767, 1768, 1769, 1772",04 Jan 2023
TEJPRABHA RESIDENCY,BRERAP00632-5/149/R-1459/2022,VIKRAMSHILA DEVELOPERS PRIVATE LIMITED,"Lalganj Road,Near Newa Lal Chowk,Purnea, Block- Purnia East Mauja - लालगंज District - PurneaPlot No -372 part",06 Sep 2022
The Nest,BRERAP00325-3/289/R-647/2019,Makan Developers (I) Pvt. Ltd.,"Mauza- Rushtampur, Tauzi-5854, Thana-17, Khata-167, 129, Block- Danapur Mauja - मैनपुरा District - PatnaPlot No -361 & 365(P)",28 May 2019
TRIBHUWAN COMPLEX,BRERAP00203-1/98/R-44/2018,MAHADEV DEVELOPERS,"Tribhuawan Nagar Choti Phari, Agamkuan, Block- Patna Sadar Mauja - पहाडी District - PatnaPlot No -369,370",07 Jun 2018
tribhuwan's Garden,BRERAP00257-2/467/R-189/2018,TRIBHUWAN DEVELOPERS & CONSTRUCTION PVT LTD,"North Of Sachiwalay Colony, mauza- Kothwan, Danapur, Patna, Block- Danapur Mauja - कोथवॉ District - PatnaPlot No -50",26 Sep 2018
UJWAL ENCLAVE,BRERAP192528071025010929E00,UMA SHANTI DEVELOPERS PRIVATE LIMITED,"JAMSAUT, DANAPUR, Block- Danapur Mauja - जमसौत District - PatnaPlot No -2423 P",26 Oct 2025
UMA CHANDRA HEIGHTS,BRERAP04053-1/43/R-1573/2023,MAA BUILDCON DEVELOPERS,,24 May 2023
US Tower,BRERAP00325-4/1196/R-1010/2020,Makan Developers (I) Pvt. Ltd.,"Khata No. 162, 166, Mauza Majhauli Khetal, Thana No. 333, Tauzi 3463, 900/5, Ward No. 27, Block- Musahari Mauja - मझौलि खेतल District - MuzaffarpurPlot No -752, 762",04 Aug 2020
USHA VILLA,BRERAP33626-1/1025/R-789/2019,LOKANKARA INFRASTRUCTURE DEVELOPERS PRIVATE LIMITED,"Mauza-Nayachak, Azimabad, Sampatchak, Patna., Block- Sampatchak Mauja - नया चक District - PatnaPlot No -41 P",21 Oct 2019
UTTAM VEENA RESIDENCY,BRERAP52459-1/101/R-1344/2022,UTTAM CONSTRUCTION AND DEVELOPERS,"LUV KUSH NAGAR, NEAR ESIC COLONY, DANAPUR, PATNA , Block- Danapur Mauja - दियारा दानापुर शहजादपुर District - PatnaPlot No -1676",05 Apr 2022
V.K TEJ TOWER,BRERAP94116-1/34/R-1566/2023,SOYAL CONSTRUCTION AND DEVELOPERS PRIVATE LIMITED,"MAGADH COLONY, MAUZA-CHANDAUTI, THANA - MAGADH MEDICAL COLLEGE, GAYA , Block- Sadar Gaya Mauja - चन्‍दौती District - GayaPlot No -641N,642N,642/846N",09 May 2023
Vaishali Park,BRERAP00325-1/218/R-805/2019,Makan Developers (I) Pvt. Ltd.,"Dighikala, Block- Hajipur Mauja - दिग्‍घी कला District - VaishaliPlot No -1688, 1693, 1691, 1654, 1670, 1640, 1635, 1566, 4672, 1576",31 Oct 2019
VAISHALI TOWER,BRERAP195414010226191132E00,VALLEY DEVELOPERS,,02 Feb 2026
VICTORIA PALACE,BRERAP05534-1/868/R-580/2019,KANTA BUILDERS AND DEVELOPERS PVT. LTD.,"Mahavir Mandir, Mahuabagh, Rupaspur,, Block- Danapur Mauja - धनौत District - PatnaPlot No -1440",10 Apr 2019
VIDYA RADHA VILLA,BRERAP00136-3/124/R-1445/2022,ADITYA NIWAS DEVELOPERS & COLONIZERS,"RUPASPUR, KHAGAUL ROAD, HARDASPUR, INFRONT OF PILLAR NO-58, DANAPUR, PATNA , Block- Danapur Mauja - धनौत District - PatnaPlot No -1943/2779",27 Jul 2022
VIJAY PALACE,BRERAP191014010925090130E00,SAGUN ISHAAN INFRA DEVELOPERS PRIVATE LIMITED,"KALAMBAGH ROAD, AGHORIA BAZAR, GOBARSHI, DUMRI, MUZAFFARPUR , Block- Musahari Mauja - दामोदरपुर District - MuzaffarpurPlot No -1265",14 Sep 2025
VIJAYA LAXMI COMPLEX,BRERAP73135-1/1004/R-691/2019,SAI MEGA REAL DEVELOPERS PRIVATE LIMITED,"JHITKANHIYA NEAR LAXMI CHAUK BRAMBHPURA MUZAFFARPUR, Block- Musahari Mauja - ब्रह्मपूरा District - MuzaffarpurPlot No -1529 190 183",15 Jul 2019
VINAYAK CITY,BRERAP92542-1/62/R-1224/2021,AVS BUILDERS AND DEVELOPERS PRIVATE LIMITED,"GAYA-PATNA MAIN ROAD, NEAR G.D GOENKA SCHOOL, RASALPUR, GAYA , Block- Khizarsaray Mauja - रसलपुर(1) District - GayaPlot No -1644",21 Oct 2021
VINAYAK LAKE CITY,BRERAP189002010725300327E00,VISHWARAHI DEVELOPERS PRIVATE LIMITED,"Ward no-43, khasra no-2567,2559, khata no-524,116, Block- Motihari Mauja - बरियारपुर District - East ChamparanPlot No -2567 & 2559",27 Jul 2025
VINDHAY VIHAR,BRERAP05702/58/R-1591/2023,ANU DEVELOPERS OPC PVT LTD,,21 Oct 2023
Vindhya Heights,BRERAP00610-2/52/R-1219/2021,Shriyansh Developers Pvt. Ltd.,"Mauza- Lakhnibigha, Thana No.- 41, Thana- Danapur, Khata No.- 130, Tauzi No.- 5225, Block- Danapur Mauja - लखनी बिगहा District - PatnaPlot No -1395 Part",05 Oct 2021
Vishwa Shambhu Enclave,BRERAP00432-2/367/R-479/2019,ANUPAMA DEVELOPER PRIVATE LIMITED,"Hanuman Path, Tilkamanjhi, Block- Jagdishpur Sadar Mauja - तिलकामांझी(वार्ड न.9) जवारीपुर District - BhagalpurPlot No -791 Ka, Kha, Ga & Gha",01 Mar 2019
VISHWANATH COMPLEX,BRERAP51751-1/927/R-668/2019,APEX PLANNERS AND DEVELOPERS PVT. LTD. JV MAA UGRATARA DEVELOPER,"BAHADUROUR, SULTANGANJ, Block- Patna Sadar Mauja - बहादुरपुर District - PatnaPlot No -804, 805 P",19 Jun 2019
VRINDAVAN RESIDENCY,BRERAP11052-002/134/R-1630/2024,BUILDMAX DEVELOPERS PRIVATE LIMITED,,05 Jan 2024
WALL CITY,BRERAP01035-1/775/R-693/2019,Advantage developer private limited,,17 Oct 2022
WINSOME HARI PEARLZ,BRERAP183128070425060329E00,WINSOME LIFESPACE DEVELOPER,"MAUZA SIKANDARPUR SOUTH OF MITHALA COLONY PATNA, Block- Danapur Mauja - सिकन्दरपुर District - PatnaPlot No -641P",20 Jun 2025
WINSOME P.R. RESIDENCY,BRERAP23027-1/225/R-1520/2023,WINSOME BUILDER AND DEVELOPERS PVT LTD,"PLOT NO.-1003, KHATA NO. 166, TAUZI NO.-236, CHHOTI NAGLA, NORTH OF N.H., P.S.- MALSALAMI, Block- Patna Sadar Mauja - नगला District - PatnaPlot No -1003",23 Jan 2023
ZAFAR MANSION 2,BRERAP00535-2/446/R-823/2019,SKY LINE CONSTRUCTION & DEVELOPERS,"Alba Colony, Hussainpur, Ranipur, Phulwarisarif, Patna., Block- Patna Sadar Mauja - रानीपुर District - PatnaPlot No -3854,3855",13 Nov 2019
